<wpml-config>
    <custom-types>
        <custom-type translate="1">wpcf7_contact_form</custom-type>
        <custom-type translate="1">tt-portfolio</custom-type>
        <custom-type translate="1">tt-member</custom-type>
        <custom-type translate="1">vc_grid_item</custom-type>
        <custom-type translate="1">product</custom-type>
        <custom-type translate="1">product_variation</custom-type>
        <custom-type translate="0">shop_coupon</custom-type>
        <custom-type translate="0">shop_order</custom-type>
    </custom-types>
    <taxonomies>
        <taxonomy translate="1">tt-portfolio-cat</taxonomy>
        <taxonomy translate="1">product_cat</taxonomy>
        <taxonomy translate="1">product_tag</taxonomy>
        <taxonomy translate="0">product_type</taxonomy>
        <taxonomy translate="0">shop_order_status</taxonomy>
        <taxonomy translate="1">product_shipping_class</taxonomy>
    </taxonomies>
    <custom-fields>
        <custom-field action="translate">markety_qoute</custom-field>
        <custom-field action="translate">markety_qoute_author</custom-field>
        <custom-field action="translate">markety_link_text</custom-field>
        <custom-field action="translate">markety_link_title</custom-field>
        <custom-field action="translate">markety_portfolio_link_text</custom-field>
        <custom-field action="translate">markety_page_subtitle</custom-field>
        <custom-field action="translate">markety_member_designaion</custom-field>
        <custom-field action="translate">markety_educational_qualification</custom-field>
        <custom-field action="translate">markety_member_address</custom-field>
        <custom-field action="copy">markety_post_views_count</custom-field>
        <custom-field action="copy">_backorders</custom-field>
        <custom-field action="translate">_crosssell_ids</custom-field>
        <custom-field action="copy">_default_attributes</custom-field>
        <custom-field action="copy">_download_limit</custom-field>
        <custom-field action="copy">_download_expiry</custom-field>
        <custom-field action="copy">_download_type</custom-field>
        <custom-field action="copy">_downloadable</custom-field>
        <custom-field action="translate">_file_paths</custom-field>
        <custom-field action="translate">_downloadable_files</custom-field>
        <custom-field action="copy">_featured</custom-field>
        <custom-field action="copy">_manage_stock</custom-field>
        <custom-field action="copy">_sku</custom-field>
        <custom-field action="copy">_stock</custom-field>
        <custom-field action="copy">_stock_status</custom-field>
        <custom-field action="copy">_sold_individually</custom-field>
        <custom-field action="copy">_subscription_length</custom-field>
        <custom-field action="copy">_subscription_period</custom-field>
        <custom-field action="copy">_subscription_period_interval</custom-field>
        <custom-field action="copy">_subscription_price</custom-field>
        <custom-field action="copy">_subscription_sign_up_fee</custom-field>
        <custom-field action="copy">_subscription_trial_length</custom-field>
        <custom-field action="copy">_subscription_trial_period</custom-field>
        <custom-field action="copy">_tax_class</custom-field>
        <custom-field action="copy">_tax_status</custom-field>
        <custom-field action="translate">_upsell_ids</custom-field>
        <custom-field action="copy">_virtual</custom-field>
        <custom-field action="copy">_visibility</custom-field>
        <custom-field action="copy">_weight</custom-field>
        <custom-field action="copy">_width</custom-field>
        <custom-field action="copy">_height</custom-field>
        <custom-field action="copy">_length</custom-field>
        <custom-field action="copy">_woocommerce_exclude_image</custom-field>
        <custom-field action="copy">total_sales</custom-field>
        <custom-field action="translate">_product_url</custom-field>
        <custom-field action="translate">_button_text</custom-field>
        <custom-field action="translate">_purchase_note</custom-field>
        <custom-field action="ignore">_wcml_custom_prices_status</custom-field>
        <custom-field action="ignore">_min_price_variation_id</custom-field>
        <custom-field action="ignore">_min_regular_price_variation_id</custom-field>
        <custom-field action="ignore">_min_sale_price_variation_id</custom-field>
        <custom-field action="ignore">_max_price_variation_id</custom-field>
        <custom-field action="ignore">_max_regular_price_variation_id</custom-field>
        <custom-field action="ignore">_max_sale_price_variation_id</custom-field>
        <custom-field action="ignore">attr_label_translations</custom-field>
        <custom-field action="copy">_per_product_pricing_active</custom-field>
        <custom-field action="copy">_pricing_rules</custom-field>
        <custom-field action="copy">_regular_price</custom-field>
        <custom-field action="copy">_sale_price</custom-field>
        <custom-field action="copy">_price</custom-field>
        <custom-field action="copy">_min_variation_regular_price</custom-field>
        <custom-field action="copy">_min_variation_sale_price</custom-field>
        <custom-field action="copy">_min_variation_price</custom-field>
        <custom-field action="copy">_max_variation_regular_price</custom-field>
        <custom-field action="copy">_max_variation_sale_price</custom-field>
        <custom-field action="copy">_max_variation_price</custom-field>
        <custom-field action="copy">_sale_price_dates_from</custom-field>
        <custom-field action="copy">_sale_price_dates_to</custom-field>
        <custom-field action="copy">_wcml_schedule</custom-field>
        <custom-field action="translate">_variation_description</custom-field>

    </custom-fields>
    <admin-texts>
        <key name="markety_theme_option">
            <key name="blog-title"/>
            <key name="text-logo"/>
            <key name="blog-title"/>
            <key name="footer-intro-title"/>
            <key name="footer-text"/>
        </key>

        <key name="woocommerce_shop_page_title" />
        <key name="woocommerce_email_footer_text" />
        <key name="woocommerce_new_order_settings">
            <key name="subject" />
            <key name="heading" />
        </key>
        <key name="woocommerce_customer_completed_order_settings">
            <key name="subject" />
            <key name="heading" />
            <key name="subject_downloadable" />
            <key name="heading_downloadable" />
        </key>
        <key name="woocommerce_customer_invoice_settings">
            <key name="subject" />
            <key name="heading" />
            <key name="subject_paid" />
            <key name="heading_paid" />
        </key>
        <key name="woocommerce_customer_new_account_settings">
            <key name="subject" />
            <key name="heading" />
        </key>
        <key name="woocommerce_customer_note_settings">
            <key name="subject" />
            <key name="heading" />
        </key>
        <key name="woocommerce_customer_reset_password_settings">
            <key name="subject" />
            <key name="heading" />
        </key>
        <key name="woocommerce_customer_processing_order_settings">
            <key name="subject" />
            <key name="heading" />
        </key>
        <key name="woocommerce_cancelled_order_settings">
            <key name="subject" />
            <key name="heading" />
        </key>
        <key name="woocommerce_failed_order_settings">
            <key name="subject" />
            <key name="heading" />
        </key>
        <key name="woocommerce_customer_on_hold_order_settings">
            <key name="subject" />
            <key name="heading" />
        </key>
        <key name="woocommerce_customer_refunded_order_settings">
            <key name="subject_full" />
            <key name="heading_full" />
            <key name="subject_partial" />
            <key name="heading_partial" />
        </key>
        <key name="woocommerce_demo_store_notice"/>
        <key name="woocommerce_price_thousand_sep"/>
        <key name="woocommerce_price_decimal_sep"/>
        <key name="woocommerce_price_display_suffix" />
        <key name="woocommerce_email_from_name"/>
        <key name="woocommerce_email_from_address" />
    </admin-texts>
</wpml-config>