{"last_tab":"7","tt-breadcrumb":"1","smooth-scroll":"1","top-border-style":"1","logo-type":"1","text-logo":"Markety","logo":{"url":"","id":"","height":"","width":"","thumbnail":""},"retina-logo":{"url":"","id":"","height":"","width":"","thumbnail":""},"mobile-logo":{"url":"","id":"","height":"","width":"","thumbnail":""},"retina-mobile-logo":{"url":"","id":"","height":"","width":"","thumbnail":""},"sticky-logo":{"url":"","id":"","height":"","width":"","thumbnail":""},"retina-sticky-logo":{"url":"","id":"","height":"","width":"","thumbnail":""},"logo-margin":{"margin-top":"","margin-right":"","margin-bottom":"","margin-left":""},"header-style":"header-default","menu-bg-color":"","menu-color":"","mobile-menu-bg-color":"","mobile-menu-color":"","sticky-menu-visibility":"1","sticky-menu-bg-color":"","sticky-menu-color":"","analysis-button-visibility":"1","analysis-button-text":"Free SEO Analysis","analysis-button-link":"1","analysis-button-page-link":"3214","analysis-button-external-link":"","page-header-image":{"url":"http:\/\/trendytheme.net\/demo2\/wp\/markety\/wp-content\/uploads\/2016\/10\/page-header.png","id":"3134","height":"300","width":"1900","thumbnail":"http:\/\/trendytheme.net\/demo2\/wp\/markety\/wp-content\/uploads\/2016\/10\/page-header-150x150.png"},"portfolio-header-image":{"url":"","id":"","height":"","width":"","thumbnail":""},"member-header-image":{"url":"http:\/\/trendytheme.net\/demo2\/wp\/markety\/wp-content\/uploads\/2016\/10\/page-header.png","id":"3134","height":"300","width":"1900","thumbnail":"http:\/\/trendytheme.net\/demo2\/wp\/markety\/wp-content\/uploads\/2016\/10\/page-header-150x150.png"},"product-header-image":{"url":"http:\/\/trendytheme.net\/demo2\/wp\/markety\/wp-content\/uploads\/2016\/10\/page-header.png","id":"3134","height":"300","width":"1900","thumbnail":"http:\/\/trendytheme.net\/demo2\/wp\/markety\/wp-content\/uploads\/2016\/10\/page-header-150x150.png"},"blog-header-image":{"url":"http:\/\/trendytheme.net\/demo2\/wp\/markety\/wp-content\/uploads\/2016\/10\/page-header.png","id":"3134","height":"300","width":"1900","thumbnail":"http:\/\/trendytheme.net\/demo2\/wp\/markety\/wp-content\/uploads\/2016\/10\/page-header-150x150.png"},"author-header-image":{"url":"","id":"","height":"","width":"","thumbnail":""},"category-header-image":{"url":"","id":"","height":"","width":"","thumbnail":""},"tag-header-image":{"url":"","id":"","height":"","width":"","thumbnail":""},"search-header-image":{"url":"http:\/\/trendytheme.net\/demo2\/wp\/markety\/wp-content\/uploads\/2016\/10\/page-header.png","id":"3134","height":"300","width":"1900","thumbnail":"http:\/\/trendytheme.net\/demo2\/wp\/markety\/wp-content\/uploads\/2016\/10\/page-header-150x150.png"},"archive-header-image":{"url":"","id":"","height":"","width":"","thumbnail":""},"header-404-image":{"url":"","id":"","height":"","width":"","thumbnail":""},"accent-color":"#ef476f","link-color":"#ef476f","section-title-color":"#26547c","body-typography":{"font-family":"Roboto","font-options":"","google":"1","font-weight":"400","font-style":"","subsets":"","font-size":"16px","line-height":"25px","color":"#999999"},"heading-typography":{"font-family":"Roboto","font-options":"","google":"1","font-weight":"400","font-style":"","subsets":"","color":"#26547c"},"h1-typography":{"font-size":"40px","line-height":"60px"},"h2-typography":{"font-size":"35px","line-height":"40px"},"h3-typography":{"font-size":"20px","line-height":"25px"},"h4-typography":{"font-size":"18px","line-height":"20px"},"h5-typography":{"font-size":"16px","line-height":"18px"},"h6-typography":{"font-size":"14px","line-height":"16px"},"blog-title":"","blog-sidebar":"right-sidebar","show-share-button":"1","tt-share-button":{"facebook":"1","twitter":"1","google":"1","linkedin":"1"},"blog-page-nav":"1","blog-search-filter":"1","tt-post-meta":{"post-date":"1","post-author":"1","post-category":"1","post-comment":"1","post-like":"1"},"rev-slider":"3","page-sidebar":"right-sidebar","page-comment-visibility":"","shop-sidebar":"right-sidebar","product-column":"3","mask-show-hide":"1","mask-0":{"url":"http:\/\/trendytheme.net\/demo2\/wp\/markety\/wp-content\/uploads\/2016\/07\/portfolio-mask-1.png","id":"2007","height":"290","width":"389","thumbnail":"http:\/\/trendytheme.net\/demo2\/wp\/markety\/wp-content\/uploads\/2016\/07\/portfolio-mask-1-150x150.png"},"mask-1":{"url":"http:\/\/trendytheme.net\/demo2\/wp\/markety\/wp-content\/uploads\/2016\/07\/portfolio-mask-2.png","id":"2008","height":"379","width":"388","thumbnail":"http:\/\/trendytheme.net\/demo2\/wp\/markety\/wp-content\/uploads\/2016\/07\/portfolio-mask-2-150x150.png"},"portfolio-navigation":"1","page-preloader":"1","loader-bg-color":"#ffffff","tt-loader":{"url":"","id":"","height":"","width":"","thumbnail":""},"footer-style":"footer-default","footer-logo":{"url":"","id":"","height":"","width":"","thumbnail":""},"footer-retina-logo":{"url":"","id":"","height":"","width":"","thumbnail":""},"footer-about-text":"Assertively parallel task empowered total linkage via emerging networks. Competently brand robust e-markets before granular niche markets. Distinctively predominate excellent collaboration and idea-sharing with multidisciplinary methods of empowerment. Dramatically create.","footer-menu-visibility":"1","footer-text":"","social-icon-visibility":"1","facebook-link":"#","twitter-link":"#","google-plus-link":"#","youtube-link":"#","pinterest-link":"#","flickr-link":"","linkedin-link":"","vimeo-link":"","instagram-link":"","dribbble-link":"","behance-link":"","redux-backup":"1"}